"","Built","n","prop"
"1","3.5.0",27,0.12
"2","3.5.1",129,0.573333333333333
"3","3.5.2",69,0.306666666666667
